option_id,autoload,option_name,option_value
1,yes,siteurl,http://terrariumdiy.com
2,yes,home,http://terrariumdiy.com
3,yes,blogname,เว็บไซต์อันดับหนึ่งที่ครบเครื่องเรื่องการพนันออนไลน์ สล็อต บาคาร่า
4,yes,blogdescription,เว็บไซต์อันดับหนึ่งที่ครบเครื่องเรื่องการพนันออนไลน์ สล็อต บาคาร่า
5,yes,users_can_register,0
6,yes,admin_email,sdf@gmail.com
7,yes,start_of_week,1
8,yes,use_balanceTags,0
9,yes,use_smilies,1
10,yes,require_name_email,<blank>
11,yes,comments_notify,<blank>
12,yes,posts_per_rss,10
13,yes,rss_use_excerpt,0
14,yes,mailserver_url,mail.example.com
15,yes,mailserver_login,login@example.com
16,yes,mailserver_pass,password
17,yes,mailserver_port,110
18,yes,default_category,1
19,yes,default_comment_status,closed
20,yes,default_ping_status,open
21,yes,default_pingback_flag,<blank>
22,yes,posts_per_page,10
23,yes,date_format,d/m/Y
24,yes,time_format,g:i a
25,yes,links_updated_date_format,"F j, Y g:i a"
26,yes,comment_moderation,<blank>
27,yes,moderation_notify,<blank>
28,yes,permalink_structure,/%postname%/
30,yes,hack_file,0
31,yes,blog_charset,UTF-8
32,no,moderation_keys,<blank>
33,yes,active_plugins,"a:9:{i:0;s:25:""add-to-any/add-to-any.php"";i:1;s:51:""all-in-one-wp-migration/all-in-one-wp-migration.php"";i:2;s:33:""cool-tag-cloud/cool-tag-cloud.php"";i:3;s:35:""insert-headers-and-footers/ihaf.php"";i:4;s:35:""login-recaptcha/login-nocaptcha.php"";i:5;s:22:""post-carousel/main.php"";i:6;s:25:""seed-fonts/seed-fonts.php"";i:7;s:24:""wordpress-seo/wp-seo.php"";i:8;s:53:""wp-meta-and-date-remover/wp-meta-and-date-remover.php"";}"
34,yes,category_base,<blank>
35,yes,ping_sites,http://rpc.pingomatic.com/
36,yes,comment_max_links,2
37,yes,gmt_offset,0
38,yes,default_email_category,1
39,no,recently_edited,"a:2:{i:0;s:92:""/home/pttcoth/domains/terrariumdiy.com/public_html/wp-content/themes/generatepress/style.css"";i:2;s:0:"""";}"
40,yes,template,generatepress
41,yes,stylesheet,generatepress
42,yes,comment_whitelist,<blank>
43,no,blacklist_keys,<blank>
44,yes,comment_registration,<blank>
45,yes,html_type,text/html
46,yes,use_trackback,0
47,yes,default_role,subscriber
48,yes,db_version,38590
49,yes,uploads_use_yearmonth_folders,1
50,yes,upload_path,<blank>
51,yes,blog_public,1
52,yes,default_link_category,2
53,yes,show_on_front,page
54,yes,tag_base,<blank>
55,yes,show_avatars,1
56,yes,avatar_rating,G
57,yes,upload_url_path,<blank>
58,yes,thumbnail_size_w,150
59,yes,thumbnail_size_h,150
60,yes,thumbnail_crop,1
61,yes,medium_size_w,300
62,yes,medium_size_h,300
63,yes,avatar_default,gravatar_default
64,yes,large_size_w,1024
65,yes,large_size_h,1024
66,yes,image_default_link_type,none
67,yes,image_default_size,<blank>
68,yes,image_default_align,<blank>
69,yes,close_comments_for_old_posts,<blank>
70,yes,close_comments_days_old,14
71,yes,thread_comments,<blank>
72,yes,thread_comments_depth,5
73,yes,page_comments,<blank>
74,yes,comments_per_page,50
75,yes,default_comments_page,newest
76,yes,comment_order,asc
77,yes,sticky_posts,a:0:{}
78,yes,widget_categories,"a:2:{i:2;a:4:{s:5:""title"";s:0:"""";s:5:""count"";i:0;s:12:""hierarchical"";i:0;s:8:""dropdown"";i:0;}s:12:""_multiwidget"";i:1;}"
79,yes,widget_text,"a:2:{i:1;a:0:{}s:12:""_multiwidget"";i:1;}"
80,yes,widget_rss,"a:2:{i:1;a:0:{}s:12:""_multiwidget"";i:1;}"
81,no,uninstall_plugins,a:0:{}
82,yes,timezone_string,<blank>
83,yes,page_for_posts,0
84,yes,page_on_front,8
85,yes,default_post_format,0
86,yes,link_manager_enabled,0
87,yes,finished_splitting_shared_terms,1
88,yes,site_icon,0
89,yes,medium_large_size_w,768
90,yes,medium_large_size_h,0
91,yes,wp_page_for_privacy_policy,3
92,yes,show_comments_cookies_opt_in,<blank>
93,yes,initial_db_version,38590
94,yes,wp_user_roles,"a:7:{s:13:""administrator"";a:2:{s:4:""name"";s:13:""Administrator"";s:12:""capabilities"";a:62:{s:13:""switch_themes"";b:1;s:11:""edit_themes"";b:1;s:16:""activate_plugins"";b:1;s:12:""edit_plugins"";b:1;s:10:""edit_users"";b:1;s:10:""edit_files"";b:1;s:14:""manage_options"";b:1;s:17:""moderate_comments"";b:1;s:17:""manage_categories"";b:1;s:12:""manage_links"";b:1;s:12:""upload_files"";b:1;s:6:""import"";b:1;s:15:""unfiltered_html"";b:1;s:10:""edit_posts"";b:1;s:17:""edit_others_posts"";b:1;s:20:""edit_published_posts"";b:1;s:13:""publish_posts"";b:1;s:10:""edit_pages"";b:1;s:4:""read"";b:1;s:8:""level_10"";b:1;s:7:""level_9"";b:1;s:7:""level_8"";b:1;s:7:""level_7"";b:1;s:7:""level_6"";b:1;s:7:""level_5"";b:1;s:7:""level_4"";b:1;s:7:""level_3"";b:1;s:7:""level_2"";b:1;s:7:""level_1"";b:1;s:7:""level_0"";b:1;s:17:""edit_others_pages"";b:1;s:20:""edit_published_pages"";b:1;s:13:""publish_pages"";b:1;s:12:""delete_pages"";b:1;s:19:""delete_others_pages"";b:1;s:22:""delete_published_pages"";b:1;s:12:""delete_posts"";b:1;s:19:""delete_others_posts"";b:1;s:22:""delete_published_posts"";b:1;s:20:""delete_private_posts"";b:1;s:18:""edit_private_posts"";b:1;s:18:""read_private_posts"";b:1;s:20:""delete_private_pages"";b:1;s:18:""edit_private_pages"";b:1;s:18:""read_private_pages"";b:1;s:12:""delete_users"";b:1;s:12:""create_users"";b:1;s:17:""unfiltered_upload"";b:1;s:14:""edit_dashboard"";b:1;s:14:""update_plugins"";b:1;s:14:""delete_plugins"";b:1;s:15:""install_plugins"";b:1;s:13:""update_themes"";b:1;s:14:""install_themes"";b:1;s:11:""update_core"";b:1;s:10:""list_users"";b:1;s:12:""remove_users"";b:1;s:13:""promote_users"";b:1;s:18:""edit_theme_options"";b:1;s:13:""delete_themes"";b:1;s:6:""export"";b:1;s:20:""wpseo_manage_options"";b:1;}}s:6:""editor"";a:2:{s:4:""name"";s:6:""Editor"";s:12:""capabilities"";a:35:{s:17:""moderate_comments"";b:1;s:17:""manage_categories"";b:1;s:12:""manage_links"";b:1;s:12:""upload_files"";b:1;s:15:""unfiltered_html"";b:1;s:10:""edit_posts"";b:1;s:17:""edit_others_posts"";b:1;s:20:""edit_published_posts"";b:1;s:13:""publish_posts"";b:1;s:10:""edit_pages"";b:1;s:4:""read"";b:1;s:7:""level_7"";b:1;s:7:""level_6"";b:1;s:7:""level_5"";b:1;s:7:""level_4"";b:1;s:7:""level_3"";b:1;s:7:""level_2"";b:1;s:7:""level_1"";b:1;s:7:""level_0"";b:1;s:17:""edit_others_pages"";b:1;s:20:""edit_published_pages"";b:1;s:13:""publish_pages"";b:1;s:12:""delete_pages"";b:1;s:19:""delete_others_pages"";b:1;s:22:""delete_published_pages"";b:1;s:12:""delete_posts"";b:1;s:19:""delete_others_posts"";b:1;s:22:""delete_published_posts"";b:1;s:20:""delete_private_posts"";b:1;s:18:""edit_private_posts"";b:1;s:18:""read_private_posts"";b:1;s:20:""delete_private_pages"";b:1;s:18:""edit_private_pages"";b:1;s:18:""read_private_pages"";b:1;s:15:""wpseo_bulk_edit"";b:1;}}s:6:""author"";a:2:{s:4:""name"";s:6:""Author"";s:12:""capabilities"";a:10:{s:12:""upload_files"";b:1;s:10:""edit_posts"";b:1;s:20:""edit_published_posts"";b:1;s:13:""publish_posts"";b:1;s:4:""read"";b:1;s:7:""level_2"";b:1;s:7:""level_1"";b:1;s:7:""level_0"";b:1;s:12:""delete_posts"";b:1;s:22:""delete_published_posts"";b:1;}}s:11:""contributor"";a:2:{s:4:""name"";s:11:""Contributor"";s:12:""capabilities"";a:5:{s:10:""edit_posts"";b:1;s:4:""read"";b:1;s:7:""level_1"";b:1;s:7:""level_0"";b:1;s:12:""delete_posts"";b:1;}}s:10:""subscriber"";a:2:{s:4:""name"";s:10:""Subscriber"";s:12:""capabilities"";a:2:{s:4:""read"";b:1;s:7:""level_0"";b:1;}}s:13:""wpseo_manager"";a:2:{s:4:""name"";s:11:""SEO Manager"";s:12:""capabilities"";a:37:{s:17:""moderate_comments"";b:1;s:17:""manage_categories"";b:1;s:12:""manage_links"";b:1;s:12:""upload_files"";b:1;s:15:""unfiltered_html"";b:1;s:10:""edit_posts"";b:1;s:17:""edit_others_posts"";b:1;s:20:""edit_published_posts"";b:1;s:13:""publish_posts"";b:1;s:10:""edit_pages"";b:1;s:4:""read"";b:1;s:7:""level_7"";b:1;s:7:""level_6"";b:1;s:7:""level_5"";b:1;s:7:""level_4"";b:1;s:7:""level_3"";b:1;s:7:""level_2"";b:1;s:7:""level_1"";b:1;s:7:""level_0"";b:1;s:17:""edit_others_pages"";b:1;s:20:""edit_published_pages"";b:1;s:13:""publish_pages"";b:1;s:12:""delete_pages"";b:1;s:19:""delete_others_pages"";b:1;s:22:""delete_published_pages"";b:1;s:12:""delete_posts"";b:1;s:19:""delete_others_posts"";b:1;s:22:""delete_published_posts"";b:1;s:20:""delete_private_posts"";b:1;s:18:""edit_private_posts"";b:1;s:18:""read_private_posts"";b:1;s:20:""delete_private_pages"";b:1;s:18:""edit_private_pages"";b:1;s:18:""read_private_pages"";b:1;s:15:""wpseo_bulk_edit"";b:1;s:28:""wpseo_edit_advanced_metadata"";b:1;s:20:""wpseo_manage_options"";b:1;}}s:12:""wpseo_editor"";a:2:{s:4:""name"";s:10:""SEO Editor"";s:12:""capabilities"";a:36:{s:17:""moderate_comments"";b:1;s:17:""manage_categories"";b:1;s:12:""manage_links"";b:1;s:12:""upload_files"";b:1;s:15:""unfiltered_html"";b:1;s:10:""edit_posts"";b:1;s:17:""edit_others_posts"";b:1;s:20:""edit_published_posts"";b:1;s:13:""publish_posts"";b:1;s:10:""edit_pages"";b:1;s:4:""read"";b:1;s:7:""level_7"";b:1;s:7:""level_6"";b:1;s:7:""level_5"";b:1;s:7:""level_4"";b:1;s:7:""level_3"";b:1;s:7:""level_2"";b:1;s:7:""level_1"";b:1;s:7:""level_0"";b:1;s:17:""edit_others_pages"";b:1;s:20:""edit_published_pages"";b:1;s:13:""publish_pages"";b:1;s:12:""delete_pages"";b:1;s:19:""delete_others_pages"";b:1;s:22:""delete_published_pages"";b:1;s:12:""delete_posts"";b:1;s:19:""delete_others_posts"";b:1;s:22:""delete_published_posts"";b:1;s:20:""delete_private_posts"";b:1;s:18:""edit_private_posts"";b:1;s:18:""read_private_posts"";b:1;s:20:""delete_private_pages"";b:1;s:18:""edit_private_pages"";b:1;s:18:""read_private_pages"";b:1;s:15:""wpseo_bulk_edit"";b:1;s:28:""wpseo_edit_advanced_metadata"";b:1;}}}"
95,yes,fresh_site,0
96,yes,widget_search,"a:2:{i:2;a:1:{s:5:""title"";s:0:"""";}s:12:""_multiwidget"";i:1;}"
97,yes,widget_recent-posts,"a:2:{i:2;a:2:{s:5:""title"";s:0:"""";s:6:""number"";i:5;}s:12:""_multiwidget"";i:1;}"
98,yes,widget_recent-comments,"a:2:{i:2;a:2:{s:5:""title"";s:0:"""";s:6:""number"";i:5;}s:12:""_multiwidget"";i:1;}"
99,yes,widget_archives,"a:2:{i:2;a:3:{s:5:""title"";s:0:"""";s:5:""count"";i:0;s:8:""dropdown"";i:0;}s:12:""_multiwidget"";i:1;}"
100,yes,widget_meta,"a:1:{s:12:""_multiwidget"";i:1;}"
101,yes,sidebars_widgets,"a:12:{s:19:""wp_inactive_widgets"";a:0:{}s:9:""sidebar-1"";a:4:{i:0;s:8:""search-2"";i:1;s:13:""media_image-3"";i:2;s:14:""recent-posts-2"";i:3;s:12:""categories-2"";}s:9:""sidebar-2"";a:0:{}s:6:""header"";a:0:{}s:8:""footer-1"";a:0:{}s:8:""footer-2"";a:0:{}s:8:""footer-3"";a:0:{}s:8:""footer-4"";a:0:{}s:8:""footer-5"";a:0:{}s:10:""footer-bar"";a:0:{}s:7:""top-bar"";a:0:{}s:13:""array_version"";i:3;}"
110,yes,widget_custom_html,"a:1:{s:12:""_multiwidget"";i:1;}"
111,yes,cron,"a:7:{i:1600385063;a:1:{s:34:""wp_privacy_delete_old_export_files"";a:1:{s:32:""40cd750bba9870f18aada2478b24840a"";a:3:{s:8:""schedule"";s:6:""hourly"";s:4:""args"";a:0:{}s:8:""interval"";i:3600;}}}i:1600395863;a:3:{s:16:""wp_version_check"";a:1:{s:32:""40cd750bba9870f18aada2478b24840a"";a:3:{s:8:""schedule"";s:10:""twicedaily"";s:4:""args"";a:0:{}s:8:""interval"";i:43200;}}s:17:""wp_update_plugins"";a:1:{s:32:""40cd750bba9870f18aada2478b24840a"";a:3:{s:8:""schedule"";s:10:""twicedaily"";s:4:""args"";a:0:{}s:8:""interval"";i:43200;}}s:16:""wp_update_themes"";a:1:{s:32:""40cd750bba9870f18aada2478b24840a"";a:3:{s:8:""schedule"";s:10:""twicedaily"";s:4:""args"";a:0:{}s:8:""interval"";i:43200;}}}i:1600395879;a:2:{s:19:""wp_scheduled_delete"";a:1:{s:32:""40cd750bba9870f18aada2478b24840a"";a:3:{s:8:""schedule"";s:5:""daily"";s:4:""args"";a:0:{}s:8:""interval"";i:86400;}}s:25:""delete_expired_transients"";a:1:{s:32:""40cd750bba9870f18aada2478b24840a"";a:3:{s:8:""schedule"";s:5:""daily"";s:4:""args"";a:0:{}s:8:""interval"";i:86400;}}}i:1600406388;a:1:{s:19:""wpseo-reindex-links"";a:1:{s:32:""40cd750bba9870f18aada2478b24840a"";a:3:{s:8:""schedule"";s:5:""daily"";s:4:""args"";a:0:{}s:8:""interval"";i:86400;}}}i:1600406884;a:1:{s:30:""wp_scheduled_auto_draft_delete"";a:1:{s:32:""40cd750bba9870f18aada2478b24840a"";a:3:{s:8:""schedule"";s:5:""daily"";s:4:""args"";a:0:{}s:8:""interval"";i:86400;}}}i:1600407382;a:1:{s:21:""ai1wm_storage_cleanup"";a:1:{s:32:""40cd750bba9870f18aada2478b24840a"";a:3:{s:8:""schedule"";s:5:""daily"";s:4:""args"";a:0:{}s:8:""interval"";i:86400;}}}s:7:""version"";i:2;}"
140397,yes,category_children,a:0:{}
113,no,_site_transient_update_core,"O:8:""stdClass"":4:{s:7:""updates"";a:9:{i:0;O:8:""stdClass"":10:{s:8:""response"";s:7:""upgrade"";s:8:""download"";s:59:""https://downloads.wordpress.org/release/wordpress-5.5.1.zip"";s:6:""locale"";s:5:""en_US"";s:8:""packages"";O:8:""stdClass"":5:{s:4:""full"";s:59:""https://downloads.wordpress.org/release/wordpress-5.5.1.zip"";s:10:""no_content"";s:70:""https://downloads.wordpress.org/release/wordpress-5.5.1-no-content.zip"";s:11:""new_bundled"";s:71:""https://downloads.wordpress.org/release/wordpress-5.5.1-new-bundled.zip"";s:7:""partial"";b:0;s:8:""rollback"";b:0;}s:7:""current"";s:5:""5.5.1"";s:7:""version"";s:5:""5.5.1"";s:11:""php_version"";s:6:""5.6.20"";s:13:""mysql_version"";s:3:""5.0"";s:11:""new_bundled"";s:3:""5.3"";s:15:""partial_version"";s:0:"""";}i:1;O:8:""stdClass"":10:{s:8:""response"";s:7:""upgrade"";s:8:""download"";s:59:""https://downloads.wordpress.org/release/wordpress-5.1.6.zip"";s:6:""locale"";s:5:""en_US"";s:8:""packages"";O:8:""stdClass"":5:{s:4:""full"";s:59:""https://downloads.wordpress.org/release/wordpress-5.1.6.zip"";s:10:""no_content"";s:70:""https://downloads.wordpress.org/release/wordpress-5.1.6-no-content.zip"";s:11:""new_bundled"";s:71:""https://downloads.wordpress.org/release/wordpress-5.1.6-new-bundled.zip"";s:7:""partial"";b:0;s:8:""rollback"";b:0;}s:7:""current"";s:5:""5.1.6"";s:7:""version"";s:5:""5.1.6"";s:11:""php_version"";s:5:""5.2.4"";s:13:""mysql_version"";s:3:""5.0"";s:11:""new_bundled"";s:3:""5.3"";s:15:""partial_version"";s:0:"""";}i:2;O:8:""stdClass"":11:{s:8:""response"";s:10:""autoupdate"";s:8:""download"";s:59:""https://downloads.wordpress.org/release/wordpress-5.5.1.zip"";s:6:""locale"";s:5:""en_US"";s:8:""packages"";O:8:""stdClass"":5:{s:4:""full"";s:59:""https://downloads.wordpress.org/release/wordpress-5.5.1.zip"";s:10:""no_content"";s:70:""https://downloads.wordpress.org/release/wordpress-5.5.1-no-content.zip"";s:11:""new_bundled"";s:71:""https://downloads.wordpress.org/release/wordpress-5.5.1-new-bundled.zip"";s:7:""partial"";b:0;s:8:""rollback"";b:0;}s:7:""current"";s:5:""5.5.1"";s:7:""version"";s:5:""5.5.1"";s:11:""php_version"";s:6:""5.6.20"";s:13:""mysql_version"";s:3:""5.0"";s:11:""new_bundled"";s:3:""5.3"";s:15:""partial_version"";s:0:"""";s:9:""new_files"";s:1:""1"";}i:3;O:8:""stdClass"":11:{s:8:""response"";s:10:""autoupdate"";s:8:""download"";s:59:""https://downloads.wordpress.org/release/wordpress-5.4.2.zip"";s:6:""locale"";s:5:""en_US"";s:8:""packages"";O:8:""stdClass"":5:{s:4:""full"";s:59:""https://downloads.wordpress.org/release/wordpress-5.4.2.zip"";s:10:""no_content"";s:70:""https://downloads.wordpress.org/release/wordpress-5.4.2-no-content.zip"";s:11:""new_bundled"";s:71:""https://downloads.wordpress.org/release/wordpress-5.4.2-new-bundled.zip"";s:7:""partial"";b:0;s:8:""rollback"";b:0;}s:7:""current"";s:5:""5.4.2"";s:7:""version"";s:5:""5.4.2"";s:11:""php_version"";s:6:""5.6.20"";s:13:""mysql_version"";s:3:""5.0"";s:11:""new_bundled"";s:3:""5.3"";s:15:""partial_version"";s:0:"""";s:9:""new_files"";s:1:""1"";}i:4;O:8:""stdClass"":11:{s:8:""response"";s:10:""autoupdate"";s:8:""download"";s:59:""https://downloads.wordpress.org/release/wordpress-5.3.4.zip"";s:6:""locale"";s:5:""en_US"";s:8:""packages"";O:8:""stdClass"":5:{s:4:""full"";s:59:""https://downloads.wordpress.org/release/wordpress-5.3.4.zip"";s:10:""no_content"";s:70:""https://downloads.wordpress.org/release/wordpress-5.3.4-no-content.zip"";s:11:""new_bundled"";s:71:""https://downloads.wordpress.org/release/wordpress-5.3.4-new-bundled.zip"";s:7:""partial"";b:0;s:8:""rollback"";b:0;}s:7:""current"";s:5:""5.3.4"";s:7:""version"";s:5:""5.3.4"";s:11:""php_version"";s:6:""5.6.20"";s:13:""mysql_version"";s:3:""5.0"";s:11:""new_bundled"";s:3:""5.3"";s:15:""partial_version"";s:0:"""";s:9:""new_files"";s:1:""1"";}i:5;O:8:""stdClass"":11:{s:8:""response"";s:10:""autoupdate"";s:8:""download"";s:59:""https://downloads.wordpress.org/release/wordpress-5.2.7.zip"";s:6:""locale"";s:5:""en_US"";s:8:""packages"";O:8:""stdClass"":5:{s:4:""full"";s:59:""https://downloads.wordpress.org/release/wordpress-5.2.7.zip"";s:10:""no_content"";s:70:""https://downloads.wordpress.org/release/wordpress-5.2.7-no-content.zip"";s:11:""new_bundled"";s:71:""https://downloads.wordpress.org/release/wordpress-5.2.7-new-bundled.zip"";s:7:""partial"";b:0;s:8:""rollback"";b:0;}s:7:""current"";s:5:""5.2.7"";s:7:""version"";s:5:""5.2.7"";s:11:""php_version"";s:6:""5.6.20"";s:13:""mysql_version"";s:3:""5.0"";s:11:""new_bundled"";s:3:""5.3"";s:15:""partial_version"";s:0:"""";s:9:""new_files"";s:1:""1"";}i:6;O:8:""stdClass"":11:{s:8:""response"";s:10:""autoupdate"";s:8:""download"";s:59:""https://downloads.wordpress.org/release/wordpress-5.1.6.zip"";s:6:""locale"";s:5:""en_US"";s:8:""packages"";O:8:""stdClass"":5:{s:4:""full"";s:59:""https://downloads.wordpress.org/release/wordpress-5.1.6.zip"";s:10:""no_content"";s:70:""https://downloads.wordpress.org/release/wordpress-5.1.6-no-content.zip"";s:11:""new_bundled"";s:71:""https://downloads.wordpress.org/release/wordpress-5.1.6-new-bundled.zip"";s:7:""partial"";b:0;s:8:""rollback"";b:0;}s:7:""current"";s:5:""5.1.6"";s:7:""version"";s:5:""5.1.6"";s:11:""php_version"";s:5:""5.2.4"";s:13:""mysql_version"";s:3:""5.0"";s:11:""new_bundled"";s:3:""5.3"";s:15:""partial_version"";s:0:"""";s:9:""new_files"";s:1:""1"";}i:7;O:8:""stdClass"":11:{s:8:""response"";s:10:""autoupdate"";s:8:""download"";s:60:""https://downloads.wordpress.org/release/wordpress-5.0.10.zip"";s:6:""locale"";s:5:""en_US"";s:8:""packages"";O:8:""stdClass"":5:{s:4:""full"";s:60:""https://downloads.wordpress.org/release/wordpress-5.0.10.zip"";s:10:""no_content"";s:71:""https://downloads.wordpress.org/release/wordpress-5.0.10-no-content.zip"";s:11:""new_bundled"";s:72:""https://downloads.wordpress.org/release/wordpress-5.0.10-new-bundled.zip"";s:7:""partial"";b:0;s:8:""rollback"";b:0;}s:7:""current"";s:6:""5.0.10"";s:7:""version"";s:6:""5.0.10"";s:11:""php_version"";s:5:""5.2.4"";s:13:""mysql_version"";s:3:""5.0"";s:11:""new_bundled"";s:3:""5.3"";s:15:""partial_version"";s:0:"""";s:9:""new_files"";s:1:""1"";}i:8;O:8:""stdClass"":11:{s:8:""response"";s:10:""autoupdate"";s:8:""download"";s:60:""https://downloads.wordpress.org/release/wordpress-4.9.15.zip"";s:6:""locale"";s:5:""en_US"";s:8:""packages"";O:8:""stdClass"":5:{s:4:""full"";s:60:""https://downloads.wordpress.org/release/wordpress-4.9.15.zip"";s:10:""no_content"";s:71:""https://downloads.wordpress.org/release/wordpress-4.9.15-no-content.zip"";s:11:""new_bundled"";s:72:""https://downloads.wordpress.org/release/wordpress-4.9.15-new-bundled.zip"";s:7:""partial"";s:71:""https://downloads.wordpress.org/release/wordpress-4.9.15-partial-13.zip"";s:8:""rollback"";s:72:""https://downloads.wordpress.org/release/wordpress-4.9.15-rollback-13.zip"";}s:7:""current"";s:6:""4.9.15"";s:7:""version"";s:6:""4.9.15"";s:11:""php_version"";s:5:""5.2.4"";s:13:""mysql_version"";s:3:""5.0"";s:11:""new_bundled"";s:3:""5.3"";s:15:""partial_version"";s:6:""4.9.13"";s:9:""new_files"";s:0:"""";}}s:12:""last_checked"";i:1600353449;s:15:""version_checked"";s:6:""4.9.13"";s:12:""translations"";a:0:{}}"
222365,no,_site_transient_timeout_theme_roots,1600355250
222366,no,_site_transient_theme_roots,"a:4:{s:13:""generatepress"";s:7:""/themes"";s:13:""twentyfifteen"";s:7:""/themes"";s:15:""twentyseventeen"";s:7:""/themes"";s:13:""twentysixteen"";s:7:""/themes"";}"
102,yes,widget_pages,"a:1:{s:12:""_multiwidget"";i:1;}"
103,yes,widget_calendar,"a:1:{s:12:""_multiwidget"";i:1;}"
104,yes,widget_media_audio,"a:1:{s:12:""_multiwidget"";i:1;}"
105,yes,widget_media_image,"a:2:{s:12:""_multiwidget"";i:1;i:3;a:15:{s:13:""attachment_id"";i:69;s:3:""url"";s:62:""http://terrariumdiy.com/wp-content/uploads/2020/01/huc99_1.jpg"";s:5:""title"";s:5:""huc99"";s:4:""size"";s:4:""full"";s:5:""width"";i:960;s:6:""height"";i:960;s:7:""caption"";s:0:"""";s:3:""alt"";s:0:"""";s:9:""link_type"";s:6:""custom"";s:8:""link_url"";s:220:""http://terrariumdiy.com/huc99-สุดยอดเว็บคาสิโนออนไล/"";s:13:""image_classes"";s:0:"""";s:12:""link_classes"";s:0:"""";s:8:""link_rel"";s:0:"""";s:17:""link_target_blank"";b:0;s:11:""image_title"";s:0:"""";}}"
106,yes,widget_media_gallery,"a:1:{s:12:""_multiwidget"";i:1;}"
107,yes,widget_media_video,"a:1:{s:12:""_multiwidget"";i:1;}"
108,yes,widget_tag_cloud,"a:1:{s:12:""_multiwidget"";i:1;}"
109,yes,widget_nav_menu,"a:1:{s:12:""_multiwidget"";i:1;}"
120,no,can_compress_scripts,0
222367,no,_site_transient_update_themes,"O:8:""stdClass"":4:{s:12:""last_checked"";i:1600353454;s:7:""checked"";a:4:{s:13:""generatepress"";s:5:""2.3.2"";s:13:""twentyfifteen"";s:3:""2.0"";s:15:""twentyseventeen"";s:3:""1.7"";s:13:""twentysixteen"";s:3:""1.5"";}s:8:""response"";a:4:{s:13:""generatepress"";a:6:{s:5:""theme"";s:13:""generatepress"";s:11:""new_version"";s:5:""2.4.2"";s:3:""url"";s:43:""https://wordpress.org/themes/generatepress/"";s:7:""package"";s:61:""https://downloads.wordpress.org/theme/generatepress.2.4.2.zip"";s:8:""requires"";b:0;s:12:""requires_php"";b:0;}s:13:""twentyfifteen"";a:6:{s:5:""theme"";s:13:""twentyfifteen"";s:11:""new_version"";s:3:""2.7"";s:3:""url"";s:43:""https://wordpress.org/themes/twentyfifteen/"";s:7:""package"";s:59:""https://downloads.wordpress.org/theme/twentyfifteen.2.7.zip"";s:8:""requires"";b:0;s:12:""requires_php"";s:5:""5.2.4"";}s:15:""twentyseventeen"";a:6:{s:5:""theme"";s:15:""twentyseventeen"";s:11:""new_version"";s:3:""2.4"";s:3:""url"";s:45:""https://wordpress.org/themes/twentyseventeen/"";s:7:""package"";s:61:""https://downloads.wordpress.org/theme/twentyseventeen.2.4.zip"";s:8:""requires"";s:3:""4.7"";s:12:""requires_php"";s:5:""5.2.4"";}s:13:""twentysixteen"";a:6:{s:5:""theme"";s:13:""twentysixteen"";s:11:""new_version"";s:3:""2.2"";s:3:""url"";s:43:""https://wordpress.org/themes/twentysixteen/"";s:7:""package"";s:59:""https://downloads.wordpress.org/theme/twentysixteen.2.2.zip"";s:8:""requires"";s:3:""4.4"";s:12:""requires_php"";s:5:""5.2.4"";}}s:12:""translations"";a:0:{}}"
222368,no,_site_transient_update_plugins,"O:8:""stdClass"":5:{s:12:""last_checked"";i:1600353455;s:7:""checked"";a:11:{s:25:""add-to-any/add-to-any.php"";s:6:""1.7.39"";s:19:""akismet/akismet.php"";s:3:""4.1"";s:51:""all-in-one-wp-migration/all-in-one-wp-migration.php"";s:4:""7.14"";s:33:""cool-tag-cloud/cool-tag-cloud.php"";s:4:""2.18"";s:9:""hello.php"";s:3:""1.7"";s:35:""insert-headers-and-footers/ihaf.php"";s:5:""1.4.4"";s:35:""login-recaptcha/login-nocaptcha.php"";s:5:""1.6.5"";s:22:""post-carousel/main.php"";s:6:""2.1.11"";s:25:""seed-fonts/seed-fonts.php"";s:5:""2.1.1"";s:53:""wp-meta-and-date-remover/wp-meta-and-date-remover.php"";s:5:""1.7.7"";s:24:""wordpress-seo/wp-seo.php"";s:4:""12.5"";}s:8:""response"";a:10:{s:25:""add-to-any/add-to-any.php"";O:8:""stdClass"":12:{s:2:""id"";s:24:""w.org/plugins/add-to-any"";s:4:""slug"";s:10:""add-to-any"";s:6:""plugin"";s:25:""add-to-any/add-to-any.php"";s:11:""new_version"";s:6:""1.7.42"";s:3:""url"";s:41:""https://wordpress.org/plugins/add-to-any/"";s:7:""package"";s:60:""https://downloads.wordpress.org/plugin/add-to-any.1.7.42.zip"";s:5:""icons"";a:3:{s:2:""2x"";s:62:""https://ps.w.org/add-to-any/assets/icon-256x256.png?rev=972738"";s:2:""1x"";s:54:""https://ps.w.org/add-to-any/assets/icon.svg?rev=972738"";s:3:""svg"";s:54:""https://ps.w.org/add-to-any/assets/icon.svg?rev=972738"";}s:7:""banners"";a:2:{s:2:""2x"";s:66:""https://ps.w.org/add-to-any/assets/banner-1544x500.png?rev=2167358"";s:2:""1x"";s:65:""https://ps.w.org/add-to-any/assets/banner-772x250.png?rev=2167357"";}s:11:""banners_rtl"";a:0:{}s:6:""tested"";s:5:""5.5.1"";s:12:""requires_php"";s:3:""5.6"";s:13:""compatibility"";O:8:""stdClass"":0:{}}s:19:""akismet/akismet.php"";O:8:""stdClass"":12:{s:2:""id"";s:21:""w.org/plugins/akismet"";s:4:""slug"";s:7:""akismet"";s:6:""plugin"";s:19:""akismet/akismet.php"";s:11:""new_version"";s:5:""4.1.6"";s:3:""url"";s:38:""https://wordpress.org/plugins/akismet/"";s:7:""package"";s:56:""https://downloads.wordpress.org/plugin/akismet.4.1.6.zip"";s:5:""icons"";a:2:{s:2:""2x"";s:59:""https://ps.w.org/akismet/assets/icon-256x256.png?rev=969272"";s:2:""1x"";s:59:""https://ps.w.org/akismet/assets/icon-128x128.png?rev=969272"";}s:7:""banners"";a:1:{s:2:""1x"";s:61:""https://ps.w.org/akismet/assets/banner-772x250.jpg?rev=479904"";}s:11:""banners_rtl"";a:0:{}s:6:""tested"";s:5:""5.5.1"";s:12:""requires_php"";b:0;s:13:""compatibility"";O:8:""stdClass"":0:{}}s:51:""all-in-one-wp-migration/all-in-one-wp-migration.php"";O:8:""stdClass"":12:{s:2:""id"";s:37:""w.org/plugins/all-in-one-wp-migration"";s:4:""slug"";s:23:""all-in-one-wp-migration"";s:6:""plugin"";s:51:""all-in-one-wp-migration/all-in-one-wp-migration.php"";s:11:""new_version"";s:4:""7.27"";s:3:""url"";s:54:""https://wordpress.org/plugins/all-in-one-wp-migration/"";s:7:""package"";s:71:""https://downloads.wordpress.org/plugin/all-in-one-wp-migration.7.27.zip"";s:5:""icons"";a:2:{s:2:""2x"";s:76:""https://ps.w.org/all-in-one-wp-migration/assets/icon-256x256.png?rev=2246309"";s:2:""1x"";s:76:""https://ps.w.org/all-in-one-wp-migration/assets/icon-128x128.png?rev=2246309"";}s:7:""banners"";a:2:{s:2:""2x"";s:79:""https://ps.w.org/all-in-one-wp-migration/assets/banner-1544x500.png?rev=2246309"";s:2:""1x"";s:78:""https://ps.w.org/all-in-one-wp-migration/assets/banner-772x250.png?rev=2246309"";}s:11:""banners_rtl"";a:0:{}s:6:""tested"";s:5:""5.5.1"";s:12:""requires_php"";s:6:""5.2.17"";s:13:""compatibility"";O:8:""stdClass"":0:{}}s:33:""cool-tag-cloud/cool-tag-cloud.php"";O:8:""stdClass"":12:{s:2:""id"";s:28:""w.org/plugins/cool-tag-cloud"";s:4:""slug"";s:14:""cool-tag-cloud"";s:6:""plugin"";s:33:""cool-tag-cloud/cool-tag-cloud.php"";s:11:""new_version"";s:4:""2.21"";s:3:""url"";s:45:""https://wordpress.org/plugins/cool-tag-cloud/"";s:7:""package"";s:57:""https://downloads.wordpress.org/plugin/cool-tag-cloud.zip"";s:5:""icons"";a:2:{s:2:""2x"";s:66:""https://ps.w.org/cool-tag-cloud/assets/icon-256x256.png?rev=999548"";s:2:""1x"";s:66:""https://ps.w.org/cool-tag-cloud/assets/icon-128x128.png?rev=999548"";}s:7:""banners"";a:1:{s:2:""1x"";s:69:""https://ps.w.org/cool-tag-cloud/assets/banner-772x250.png?rev=1179519"";}s:11:""banners_rtl"";a:0:{}s:6:""tested"";s:5:""5.5.1"";s:12:""requires_php"";b:0;s:13:""compatibility"";O:8:""stdClass"":0:{}}s:9:""hello.php"";O:8:""stdClass"":12:{s:2:""id"";s:25:""w.org/plugins/hello-dolly"";s:4:""slug"";s:11:""hello-dolly"";s:6:""plugin"";s:9:""hello.php"";s:11:""new_version"";s:5:""1.7.2"";s:3:""url"";s:42:""https://wordpress.org/plugins/hello-dolly/"";s:7:""package"";s:60:""https://downloads.wordpress.org/plugin/hello-dolly.1.7.2.zip"";s:5:""icons"";a:2:{s:2:""2x"";s:64:""https://ps.w.org/hello-dolly/assets/icon-256x256.jpg?rev=2052855"";s:2:""1x"";s:64:""https://ps.w.org/hello-dolly/assets/icon-128x128.jpg?rev=2052855"";}s:7:""banners"";a:1:{s:2:""1x"";s:66:""https://ps.w.org/hello-dolly/assets/banner-772x250.jpg?rev=2052855"";}s:11:""banners_rtl"";a:0:{}s:6:""tested"";s:5:""5.5.1"";s:12:""requires_php"";b:0;s:13:""compatibility"";O:8:""stdClass"":0:{}}s:35:""insert-headers-and-footers/ihaf.php"";O:8:""stdClass"":12:{s:2:""id"";s:40:""w.org/plugins/insert-headers-and-footers"";s:4:""slug"";s:26:""insert-headers-and-footers"";s:6:""plugin"";s:35:""insert-headers-and-footers/ihaf.php"";s:11:""new_version"";s:5:""1.4.6"";s:3:""url"";s:57:""https://wordpress.org/plugins/insert-headers-and-footers/"";s:7:""package"";s:75:""https://downloads.wordpress.org/plugin/insert-headers-and-footers.1.4.6.zip"";s:5:""icons"";a:2:{s:2:""2x"";s:79:""https://ps.w.org/insert-headers-and-footers/assets/icon-256x256.png?rev=1610266"";s:2:""1x"";s:79:""https://ps.w.org/insert-headers-and-footers/assets/icon-128x128.png?rev=1610266"";}s:7:""banners"";a:1:{s:2:""1x"";s:81:""https://ps.w.org/insert-headers-and-footers/assets/banner-772x250.png?rev=1610266"";}s:11:""banners_rtl"";a:0:{}s:6:""tested"";s:5:""5.4.2"";s:12:""requires_php"";s:3:""5.2"";s:13:""compatibility"";O:8:""stdClass"":0:{}}s:35:""login-recaptcha/login-nocaptcha.php"";O:8:""stdClass"":12:{s:2:""id"";s:29:""w.org/plugins/login-recaptcha"";s:4:""slug"";s:15:""login-recaptcha"";s:6:""plugin"";s:35:""login-recaptcha/login-nocaptcha.php"";s:11:""new_version"";s:6:""1.6.10"";s:3:""url"";s:46:""https://wordpress.org/plugins/login-recaptcha/"";s:7:""package"";s:65:""https://downloads.wordpress.org/plugin/login-recaptcha.1.6.10.zip"";s:5:""icons"";a:2:{s:2:""2x"";s:68:""https://ps.w.org/login-recaptcha/assets/icon-256x256.png?rev=1137538"";s:2:""1x"";s:68:""https://ps.w.org/login-recaptcha/assets/icon-128x128.png?rev=1137538"";}s:7:""banners"";a:2:{s:2:""2x"";s:71:""https://ps.w.org/login-recaptcha/assets/banner-1544x500.png?rev=1137538"";s:2:""1x"";s:70:""https://ps.w.org/login-recaptcha/assets/banner-772x250.png?rev=1137538"";}s:11:""banners_rtl"";a:0:{}s:6:""tested"";s:5:""5.4.2"";s:12:""requires_php"";b:0;s:13:""compatibility"";O:8:""stdClass"":0:{}}s:22:""post-carousel/main.php"";O:8:""stdClass"":12:{s:2:""id"";s:27:""w.org/plugins/post-carousel"";s:4:""slug"";s:13:""post-carousel"";s:6:""plugin"";s:22:""post-carousel/main.php"";s:11:""new_version"";s:6:""2.1.13"";s:3:""url"";s:44:""https://wordpress.org/plugins/post-carousel/"";s:7:""package"";s:56:""https://downloads.wordpress.org/plugin/post-carousel.zip"";s:5:""icons"";a:2:{s:2:""2x"";s:66:""https://ps.w.org/post-carousel/assets/icon-256x256.png?rev=1730895"";s:2:""1x"";s:66:""https://ps.w.org/post-carousel/assets/icon-128x128.png?rev=1730895"";}s:7:""banners"";a:1:{s:2:""1x"";s:68:""https://ps.w.org/post-carousel/assets/banner-772x250.png?rev=1730926"";}s:11:""banners_rtl"";a:0:{}s:6:""tested"";s:5:""5.5.1"";s:12:""requires_php"";b:0;s:13:""compatibility"";O:8:""stdClass"":0:{}}s:25:""seed-fonts/seed-fonts.php"";O:8:""stdClass"":12:{s:2:""id"";s:24:""w.org/plugins/seed-fonts"";s:4:""slug"";s:10:""seed-fonts"";s:6:""plugin"";s:25:""seed-fonts/seed-fonts.php"";s:11:""new_version"";s:5:""2.2.0"";s:3:""url"";s:41:""https://wordpress.org/plugins/seed-fonts/"";s:7:""package"";s:59:""https://downloads.wordpress.org/plugin/seed-fonts.2.2.0.zip"";s:5:""icons"";a:2:{s:2:""2x"";s:63:""https://ps.w.org/seed-fonts/assets/icon-256x256.png?rev=1670226"";s:2:""1x"";s:63:""https://ps.w.org/seed-fonts/assets/icon-128x128.png?rev=1670224"";}s:7:""banners"";a:2:{s:2:""2x"";s:66:""https://ps.w.org/seed-fonts/assets/banner-1544x500.png?rev=1934593"";s:2:""1x"";s:65:""https://ps.w.org/seed-fonts/assets/banner-772x250.png?rev=1934592"";}s:11:""banners_rtl"";a:0:{}s:6:""tested"";s:5:""5.5.1"";s:12:""requires_php"";b:0;s:13:""compatibility"";O:8:""stdClass"":0:{}}s:53:""wp-meta-and-date-remover/wp-meta-and-date-remover.php"";O:8:""stdClass"":12:{s:2:""id"";s:38:""w.org/plugins/wp-meta-and-date-remover"";s:4:""slug"";s:24:""wp-meta-and-date-remover"";s:6:""plugin"";s:53:""wp-meta-and-date-remover/wp-meta-and-date-remover.php"";s:11:""new_version"";s:5:""1.8.2"";s:3:""url"";s:55:""https://wordpress.org/plugins/wp-meta-and-date-remover/"";s:7:""package"";s:67:""https://downloads.wordpress.org/plugin/wp-meta-and-date-remover.zip"";s:5:""icons"";a:1:{s:7:""default"";s:68:""https://s.w.org/plugins/geopattern-icon/wp-meta-and-date-remover.svg"";}s:7:""banners"";a:0:{}s:11:""banners_rtl"";a:0:{}s:6:""tested"";s:5:""5.5.1"";s:12:""requires_php"";b:0;s:13:""compatibility"";O:8:""stdClass"":0:{}}}s:12:""translations"";a:0:{}s:9:""no_update"";a:1:{s:24:""wordpress-seo/wp-seo.php"";O:8:""stdClass"":12:{s:2:""id"";s:27:""w.org/plugins/wordpress-seo"";s:4:""slug"";s:13:""wordpress-seo"";s:6:""plugin"";s:24:""wordpress-seo/wp-seo.php"";s:11:""new_version"";s:4:""14.9"";s:3:""url"";s:44:""https://wordpress.org/plugins/wordpress-seo/"";s:7:""package"";s:61:""https://downloads.wordpress.org/plugin/wordpress-seo.14.9.zip"";s:5:""icons"";a:3:{s:2:""2x"";s:66:""https://ps.w.org/wordpress-seo/assets/icon-256x256.png?rev=2363699"";s:2:""1x"";s:58:""https://ps.w.org/wordpress-seo/assets/icon.svg?rev=2363699"";s:3:""svg"";s:58:""https://ps.w.org/wordpress-seo/assets/icon.svg?rev=2363699"";}s:7:""banners"";a:2:{s:2:""2x"";s:69:""https://ps.w.org/wordpress-seo/assets/banner-1544x500.png?rev=1843435"";s:2:""1x"";s:68:""https://ps.w.org/wordpress-seo/assets/banner-772x250.png?rev=1843435"";}s:11:""banners_rtl"";a:2:{s:2:""2x"";s:73:""https://ps.w.org/wordpress-seo/assets/banner-1544x500-rtl.png?rev=1843435"";s:2:""1x"";s:72:""https://ps.w.org/wordpress-seo/assets/banner-772x250-rtl.png?rev=1843435"";}s:6:""tested"";s:5:""5.5.1"";s:12:""requires_php"";s:6:""5.6.20"";s:13:""compatibility"";a:0:{}}}}"
105597,no,auto_core_update_failed,"a:6:{s:9:""attempted"";s:6:""4.9.15"";s:7:""current"";s:6:""4.9.13"";s:10:""error_code"";s:32:""copy_failed_for_update_core_file"";s:10:""error_data"";s:33:""wp-admin/includes/update-core.php"";s:9:""timestamp"";i:1591842278;s:5:""retry"";b:0;}"
105598,no,auto_core_update_notified,"a:4:{s:4:""type"";s:4:""fail"";s:5:""email"";s:13:""sdf@gmail.com"";s:7:""version"";s:6:""4.9.15"";s:9:""timestamp"";i:1591842278;}"
29986,yes,ihaf_insert_header,"<!-- Global site tag (gtag.js) - Google Analytics -->\r\n<script async src=\\""https://www.googletagmanager.com/gtag/js?id=UA-157037681-1\\""></script>\r\n<script>\r\n  window.dataLayer = window.dataLayer || [];\r\n  function gtag(){dataLayer.push(arguments);}\r\n  gtag(\\'js\\', new Date());\r\n\r\n  gtag(\\'config\\', \\'UA-157037681-1\\');\r\n</script>\r\n<script data-ad-client=\\""ca-pub-9788546757440595\\"" async src=\\""https://pagead2.googlesyndication.com/pagead/js/adsbygoogle.js\\""></script>"
29987,yes,ihaf_insert_footer,<blank>
29988,yes,insert-headers-and-footers_welcome_dismissed_key,1
34930,yes,ai1wm_secret_key,jPDiTAHxIGoC
34941,yes,ai1wm_status,"a:2:{s:4:""type"";s:8:""download"";s:7:""message"";s:310:""<a href=""http://terrariumdiy.com/wp-content/ai1wm-backups/terrariumdiy.com-20200424-091738-935.wpress"" class=""ai1wm-button-green ai1wm-emphasize ai1wm-button-download"" title=""terrariumdiy.com"" download=""terrariumdiy.com-20200424-091738-935.wpress""><span>Download terrariumdiy.com</span><em>Size: 63 MB</em></a>"";}"
34996,yes,ai1wm_updater,a:0:{}
43519,yes,ai1wm_backups_labels,a:0:{}
135,yes,WPLANG,<blank>
136,yes,new_admin_email,sdf@gmail.com
143,yes,recently_activated,a:0:{}
222,yes,login_nocaptcha_message_type,notice-error
223,yes,login_nocaptcha_error,Login NoCaptcha was bypassed on login page: xmlrpc.php.
224,yes,login_nocaptcha_key,6Lef7dAUAAAAAHksxyMjE8fkz6AamzKM3dyivvN2
225,yes,login_nocaptcha_secret,6Lef7dAUAAAAABYEP85DuzPhmfJ1kmzkLtJjfLpg
226,yes,login_nocaptcha_whitelist,<blank>
546,yes,wpmdr_from_,"a:2:{s:4:""home"";s:1:""1"";s:11:""help_notice"";s:1:""1"";}"
547,yes,wpmdr_css,.entry-meta {display:none !important;}\r\n\t.home .entry-meta { display: none; }\r\n\t.entry-footer {display:none !important;}\r\n\t.home .entry-footer { display: none; }
548,yes,wpmdr_disable_php,0
549,yes,wpmdr_disable_css,0
550,yes,wpmdr_individual_post,1
220299,yes,login_nocaptcha_working,1
222372,yes,_transient_doing_cron,1635978819.6756100654602050781250
146,yes,wpseo,"a:21:{s:15:""ms_defaults_set"";b:0;s:7:""version"";s:4:""12.5"";s:24:""bf_banner_2019_dismissed"";b:0;s:20:""disableadvanced_meta"";b:1;s:19:""onpage_indexability"";b:1;s:11:""baiduverify"";s:0:"""";s:12:""googleverify"";s:0:"""";s:8:""msverify"";s:0:"""";s:12:""yandexverify"";s:0:"""";s:9:""site_type"";s:0:"""";s:20:""has_multiple_authors"";s:0:"""";s:16:""environment_type"";s:0:"""";s:23:""content_analysis_active"";b:1;s:23:""keyword_analysis_active"";b:1;s:21:""enable_admin_bar_menu"";b:1;s:26:""enable_cornerstone_content"";b:1;s:18:""enable_xml_sitemap"";b:1;s:24:""enable_text_link_counter"";b:1;s:22:""show_onboarding_notice"";b:1;s:18:""first_activated_on"";i:1579497226;s:13:""myyoast-oauth"";b:0;}"
147,yes,wpseo_titles,"a:71:{s:10:""title_test"";i:0;s:17:""forcerewritetitle"";b:0;s:9:""separator"";s:7:""sc-dash"";s:16:""title-home-wpseo"";s:42:""%%sitename%% %%page%% %%sep%% %%sitedesc%%"";s:18:""title-author-wpseo"";s:41:""%%name%%, Author at %%sitename%% %%page%%"";s:19:""title-archive-wpseo"";s:38:""%\xdate%% %%page%% %%sep%% %%sitename%%"";s:18:""title-search-wpseo"";s:63:""You searched for %%searchphrase%% %%page%% %%sep%% %%sitename%%"";s:15:""title-404-wpseo"";s:35:""Page not found %%sep%% %%sitename%%"";s:19:""metadesc-home-wpseo"";s:0:"""";s:21:""metadesc-author-wpseo"";s:0:"""";s:22:""metadesc-archive-wpseo"";s:0:"""";s:9:""rssbefore"";s:0:"""";s:8:""rssafter"";s:53:""The post %%POSTLINK%% appeared first on %%BLOGLINK%%."";s:20:""noindex-author-wpseo"";b:0;s:28:""noindex-author-noposts-wpseo"";b:1;s:21:""noindex-archive-wpseo"";b:1;s:14:""disable-author"";b:0;s:12:""disable-date"";b:0;s:19:""disable-post_format"";b:0;s:18:""disable-attachment"";b:1;s:23:""is-media-purge-relevant"";b:0;s:20:""breadcrumbs-404crumb"";s:25:""Error 404: Page not found"";s:29:""breadcrumbs-display-blog-page"";b:1;s:20:""breadcrumbs-boldlast"";b:0;s:25:""breadcrumbs-archiveprefix"";s:12:""Archives for"";s:18:""breadcrumbs-enable"";b:0;s:16:""breadcrumbs-home"";s:4:""Home"";s:18:""breadcrumbs-prefix"";s:0:"""";s:24:""breadcrumbs-searchprefix"";s:16:""You searched for"";s:15:""breadcrumbs-sep"";s:7:""\xbb"";s:12:""website_name"";s:0:"""";s:11:""person_name"";s:0:"""";s:11:""person_logo"";s:0:"""";s:14:""person_logo_id"";i:0;s:22:""alternate_website_name"";s:0:"""";s:12:""company_logo"";s:0:"""";s:15:""company_logo_id"";i:0;s:12:""company_name"";s:0:"""";s:17:""company_or_person"";s:7:""company"";s:25:""company_or_person_user_id"";b:0;s:17:""stripcategorybase"";b:0;s:10:""title-post"";s:39:""%%title%% %%page%% %%sep%% %%sitename%%"";s:13:""metadesc-post"";s:0:"""";s:12:""noindex-post"";b:0;s:13:""showdate-post"";b:0;s:23:""display-metabox-pt-post"";b:1;s:23:""post_types-post-maintax"";i:0;s:10:""title-page"";s:39:""%%title%% %%page%% %%sep%% %%sitename%%"";s:13:""metadesc-page"";s:0:"""";s:12:""noindex-page"";b:0;s:13:""showdate-page"";b:0;s:23:""display-metabox-pt-page"";b:1;s:23:""post_types-page-maintax"";i:0;s:16:""title-attachment"";s:39:""%%title%% %%page%% %%sep%% %%sitename%%"";s:19:""metadesc-attachment"";s:0:"""";s:18:""noindex-attachment"";b:0;s:19:""showdate-attachment"";b:0;s:29:""display-metabox-pt-attachment"";b:1;s:29:""post_types-attachment-maintax"";i:0;s:18:""title-tax-category"";s:53:""%%term_title%% Archives %%page%% %%sep%% %%sitename%%"";s:21:""metadesc-tax-category"";s:0:"""";s:28:""display-metabox-tax-category"";b:1;s:20:""noindex-tax-category"";b:0;s:18:""title-tax-post_tag"";s:53:""%%term_title%% Archives %%page%% %%sep%% %%sitename%%"";s:21:""metadesc-tax-post_tag"";s:0:"""";s:28:""display-metabox-tax-post_tag"";b:1;s:20:""noindex-tax-post_tag"";b:0;s:21:""title-tax-post_format"";s:53:""%%term_title%% Archives %%page%% %%sep%% %%sitename%%"";s:24:""metadesc-tax-post_format"";s:0:"""";s:31:""display-metabox-tax-post_format"";b:1;s:23:""noindex-tax-post_format"";b:1;}"
148,yes,wpseo_social,"a:19:{s:13:""facebook_site"";s:0:"""";s:13:""instagram_url"";s:0:"""";s:12:""linkedin_url"";s:0:"""";s:11:""myspace_url"";s:0:"""";s:16:""og_default_image"";s:0:"""";s:19:""og_default_image_id"";s:0:"""";s:18:""og_frontpage_title"";s:0:"""";s:17:""og_frontpage_desc"";s:0:"""";s:18:""og_frontpage_image"";s:0:"""";s:21:""og_frontpage_image_id"";s:0:"""";s:9:""opengraph"";b:1;s:13:""pinterest_url"";s:0:"""";s:15:""pinterestverify"";s:0:"""";s:7:""twitter"";b:1;s:12:""twitter_site"";s:0:"""";s:17:""twitter_card_type"";s:19:""summary_large_image"";s:11:""youtube_url"";s:0:"""";s:13:""wikipedia_url"";s:0:"""";s:10:""fbadminapp"";s:0:"""";}"
149,yes,wpseo_flush_rewrite,1
154,yes,rewrite_rules,"a:108:{s:19:""sitemap_index\\.xml$"";s:19:""index.php?sitemap=1"";s:31:""([^/]+?)-sitemap([0-9]+)?\\.xml$"";s:51:""index.php?sitemap=$matches[1]&sitemap_n=$matches[2]"";s:24:""([a-z]+)?-?sitemap\\.xsl$"";s:39:""index.php?yoast-sitemap-xsl=$matches[1]"";s:11:""^wp-json/?$"";s:22:""index.php?rest_route=/"";s:14:""^wp-json/(.*)?"";s:33:""index.php?rest_route=/$matches[1]"";s:21:""^index.php/wp-json/?$"";s:22:""index.php?rest_route=/"";s:24:""^index.php/wp-json/(.*)?"";s:33:""index.php?rest_route=/$matches[1]"";s:47:""category/(.+?)/feed/(feed|rdf|rss|rss2|atom)/?$"";s:52:""index.php?category_name=$matches[1]&feed=$matches[2]"";s:42:""category/(.+?)/(feed|rdf|rss|rss2|atom)/?$"";s:52:""index.php?category_name=$matches[1]&feed=$matches[2]"";s:23:""category/(.+?)/embed/?$"";s:46:""index.php?category_name=$matches[1]&embed=true"";s:35:""category/(.+?)/page/?([0-9]{1,})/?$"";s:53:""index.php?category_name=$matches[1]&paged=$matches[2]"";s:17:""category/(.+?)/?$"";s:35:""index.php?category_name=$matches[1]"";s:44:""tag/([^/]+)/feed/(feed|rdf|rss|rss2|atom)/?$"";s:42:""index.php?tag=$matches[1]&feed=$matches[2]"";s:39:""tag/([^/]+)/(feed|rdf|rss|rss2|atom)/?$"";s:42:""index.php?tag=$matches[1]&feed=$matches[2]"";s:20:""tag/([^/]+)/embed/?$"";s:36:""index.php?tag=$matches[1]&embed=true"";s:32:""tag/([^/]+)/page/?([0-9]{1,})/?$"";s:43:""index.php?tag=$matches[1]&paged=$matches[2]"";s:14:""tag/([^/]+)/?$"";s:25:""index.php?tag=$matches[1]"";s:45:""type/([^/]+)/feed/(feed|rdf|rss|rss2|atom)/?$"";s:50:""index.php?post_format=$matches[1]&feed=$matches[2]"";s:40:""type/([^/]+)/(feed|rdf|rss|rss2|atom)/?$"";s:50:""index.php?post_format=$matches[1]&feed=$matches[2]"";s:21:""type/([^/]+)/embed/?$"";s:44:""index.php?post_format=$matches[1]&embed=true"";s:33:""type/([^/]+)/page/?([0-9]{1,})/?$"";s:51:""index.php?post_format=$matches[1]&paged=$matches[2]"";s:15:""type/([^/]+)/?$"";s:33:""index.php?post_format=$matches[1]"";s:44:""sp_pc_shortcodes/[^/]+/attachment/([^/]+)/?$"";s:32:""index.php?attachment=$matches[1]"";s:54:""sp_pc_shortcodes/[^/]+/attachment/([^/]+)/trackback/?$"";s:37:""index.php?attachment=$matches[1]&tb=1"";s:74:""sp_pc_shortcodes/[^/]+/attachment/([^/]+)/feed/(feed|rdf|rss|rss2|atom)/?$"";s:49:""index.php?attachment=$matches[1]&feed=$matches[2]"";s:69:""sp_pc_shortcodes/[^/]+/attachment/([^/]+)/(feed|rdf|rss|rss2|atom)/?$"";s:49:""index.php?attachment=$matches[1]&feed=$matches[2]"";s:69:""sp_pc_shortcodes/[^/]+/attachment/([^/]+)/comment-page-([0-9]{1,})/?$"";s:50:""index.php?attachment=$matches[1]&cpage=$matches[2]"";s:50:""sp_pc_shortcodes/[^/]+/attachment/([^/]+)/embed/?$"";s:43:""index.php?attachment=$matches[1]&embed=true"";s:33:""sp_pc_shortcodes/([^/]+)/embed/?$"";s:64:""index.php?post_type=sp_pc_shortcodes&name=$matches[1]&embed=true"";s:37:""sp_pc_shortcodes/([^/]+)/trackback/?$"";s:58:""index.php?post_type=sp_pc_shortcodes&name=$matches[1]&tb=1"";s:45:""sp_pc_shortcodes/([^/]+)/page/?([0-9]{1,})/?$"";s:71:""index.php?post_type=sp_pc_shortcodes&name=$matches[1]&paged=$matches[2]"";s:52:""sp_pc_shortcodes/([^/]+)/comment-page-([0-9]{1,})/?$"";s:71:""index.php?post_type=sp_pc_shortcodes&name=$matches[1]&cpage=$matches[2]"";s:41:""sp_pc_shortcodes/([^/]+)(?:/([0-9]+))?/?$"";s:70:""index.php?post_type=sp_pc_shortcodes&name=$matches[1]&page=$matches[2]"";s:33:""sp_pc_shortcodes/[^/]+/([^/]+)/?$"";s:32:""index.php?attachment=$matches[1]"";s:43:""sp_pc_shortcodes/[^/]+/([^/]+)/trackback/?$"";s:37:""index.php?attachment=$matches[1]&tb=1"";s:63:""sp_pc_shortcodes/[^/]+/([^/]+)/feed/(feed|rdf|rss|rss2|atom)/?$"";s:49:""index.php?attachment=$matches[1]&feed=$matches[2]"";s:58:""sp_pc_shortcodes/[^/]+/([^/]+)/(feed|rdf|rss|rss2|atom)/?$"";s:49:""index.php?attachment=$matches[1]&feed=$matches[2]"";s:58:""sp_pc_shortcodes/[^/]+/([^/]+)/comment-page-([0-9]{1,})/?$"";s:50:""index.php?attachment=$matches[1]&cpage=$matches[2]"";s:39:""sp_pc_shortcodes/[^/]+/([^/]+)/embed/?$"";s:43:""index.php?attachment=$matches[1]&embed=true"";s:12:""robots\\.txt$"";s:18:""index.php?robots=1"";s:48:"".*wp-(atom|rdf|rss|rss2|feed|commentsrss2)\\.php$"";s:18:""index.php?feed=old"";s:20:"".*wp-app\\.php(/.*)?$"";s:19:""index.php?error=403"";s:18:"".*wp-register.php$"";s:23:""index.php?register=true"";s:32:""feed/(feed|rdf|rss|rss2|atom)/?$"";s:27:""index.php?&feed=$matches[1]"";s:27:""(feed|rdf|rss|rss2|atom)/?$"";s:27:""index.php?&feed=$matches[1]"";s:8:""embed/?$"";s:21:""index.php?&embed=true"";s:20:""page/?([0-9]{1,})/?$"";s:28:""index.php?&paged=$matches[1]"";s:27:""comment-page-([0-9]{1,})/?$"";s:38:""index.php?&page_id=8&cpage=$matches[1]"";s:41:""comments/feed/(feed|rdf|rss|rss2|atom)/?$"";s:42:""index.php?&feed=$matches[1]&withcomments=1"";s:36:""comments/(feed|rdf|rss|rss2|atom)/?$"";s:42:""index.php?&feed=$matches[1]&withcomments=1"";s:17:""comments/embed/?$"";s:21:""index.php?&embed=true"";s:44:""search/(.+)/feed/(feed|rdf|rss|rss2|atom)/?$"";s:40:""index.php?s=$matches[1]&feed=$matches[2]"";s:39:""search/(.+)/(feed|rdf|rss|rss2|atom)/?$"";s:40:""index.php?s=$matches[1]&feed=$matches[2]"";s:20:""search/(.+)/embed/?$"";s:34:""index.php?s=$matches[1]&embed=true"";s:32:""search/(.+)/page/?([0-9]{1,})/?$"";s:41:""index.php?s=$matches[1]&paged=$matches[2]"";s:14:""search/(.+)/?$"";s:23:""index.php?s=$matches[1]"";s:47:""author/([^/]+)/feed/(feed|rdf|rss|rss2|atom)/?$"";s:50:""index.php?author_name=$matches[1]&feed=$matches[2]"";s:42:""author/([^/]+)/(feed|rdf|rss|rss2|atom)/?$"";s:50:""index.php?author_name=$matches[1]&feed=$matches[2]"";s:23:""author/([^/]+)/embed/?$"";s:44:""index.php?author_name=$matches[1]&embed=true"";s:35:""author/([^/]+)/page/?([0-9]{1,})/?$"";s:51:""index.php?author_name=$matches[1]&paged=$matches[2]"";s:17:""author/([^/]+)/?$"";s:33:""index.php?author_name=$matches[1]"";s:69:""([0-9]{4})/([0-9]{1,2})/([0-9]{1,2})/feed/(feed|rdf|rss|rss2|atom)/?$"";s:80:""index.php?year=$matches[1]&monthnum=$matches[2]&day=$matches[3]&feed=$matches[4]"";s:64:""([0-9]{4})/([0-9]{1,2})/([0-9]{1,2})/(feed|rdf|rss|rss2|atom)/?$"";s:80:""index.php?year=$matches[1]&monthnum=$matches[2]&day=$matches[3]&feed=$matches[4]"";s:45:""([0-9]{4})/([0-9]{1,2})/([0-9]{1,2})/embed/?$"";s:74:""index.php?year=$matches[1]&monthnum=$matches[2]&day=$matches[3]&embed=true"";s:57:""([0-9]{4})/([0-9]{1,2})/([0-9]{1,2})/page/?([0-9]{1,})/?$"";s:81:""index.php?year=$matches[1]&monthnum=$matches[2]&day=$matches[3]&paged=$matches[4]"";s:39:""([0-9]{4})/([0-9]{1,2})/([0-9]{1,2})/?$"";s:63:""index.php?year=$matches[1]&monthnum=$matches[2]&day=$matches[3]"";s:56:""([0-9]{4})/([0-9]{1,2})/feed/(feed|rdf|rss|rss2|atom)/?$"";s:64:""index.php?year=$matches[1]&monthnum=$matches[2]&feed=$matches[3]"";s:51:""([0-9]{4})/([0-9]{1,2})/(feed|rdf|rss|rss2|atom)/?$"";s:64:""index.php?year=$matches[1]&monthnum=$matches[2]&feed=$matches[3]"";s:32:""([0-9]{4})/([0-9]{1,2})/embed/?$"";s:58:""index.php?year=$matches[1]&monthnum=$matches[2]&embed=true"";s:44:""([0-9]{4})/([0-9]{1,2})/page/?([0-9]{1,})/?$"";s:65:""index.php?year=$matches[1]&monthnum=$matches[2]&paged=$matches[3]"";s:26:""([0-9]{4})/([0-9]{1,2})/?$"";s:47:""index.php?year=$matches[1]&monthnum=$matches[2]"";s:43:""([0-9]{4})/feed/(feed|rdf|rss|rss2|atom)/?$"";s:43:""index.php?year=$matches[1]&feed=$matches[2]"";s:38:""([0-9]{4})/(feed|rdf|rss|rss2|atom)/?$"";s:43:""index.php?year=$matches[1]&feed=$matches[2]"";s:19:""([0-9]{4})/embed/?$"";s:37:""index.php?year=$matches[1]&embed=true"";s:31:""([0-9]{4})/page/?([0-9]{1,})/?$"";s:44:""index.php?year=$matches[1]&paged=$matches[2]"";s:13:""([0-9]{4})/?$"";s:26:""index.php?year=$matches[1]"";s:27:"".?.+?/attachment/([^/]+)/?$"";s:32:""index.php?attachment=$matches[1]"";s:37:"".?.+?/attachment/([^/]+)/trackback/?$"";s:37:""index.php?attachment=$matches[1]&tb=1"";s:57:"".?.+?/attachment/([^/]+)/feed/(feed|rdf|rss|rss2|atom)/?$"";s:49:""index.php?attachment=$matches[1]&feed=$matches[2]"";s:52:"".?.+?/attachment/([^/]+)/(feed|rdf|rss|rss2|atom)/?$"";s:49:""index.php?attachment=$matches[1]&feed=$matches[2]"";s:52:"".?.+?/attachment/([^/]+)/comment-page-([0-9]{1,})/?$"";s:50:""index.php?attachment=$matches[1]&cpage=$matches[2]"";s:33:"".?.+?/attachment/([^/]+)/embed/?$"";s:43:""index.php?attachment=$matches[1]&embed=true"";s:16:""(.?.+?)/embed/?$"";s:41:""index.php?pagename=$matches[1]&embed=true"";s:20:""(.?.+?)/trackback/?$"";s:35:""index.php?pagename=$matches[1]&tb=1"";s:40:""(.?.+?)/feed/(feed|rdf|rss|rss2|atom)/?$"";s:47:""index.php?pagename=$matches[1]&feed=$matches[2]"";s:35:""(.?.+?)/(feed|rdf|rss|rss2|atom)/?$"";s:47:""index.php?pagename=$matches[1]&feed=$matches[2]"";s:28:""(.?.+?)/page/?([0-9]{1,})/?$"";s:48:""index.php?pagename=$matches[1]&paged=$matches[2]"";s:35:""(.?.+?)/comment-page-([0-9]{1,})/?$"";s:48:""index.php?pagename=$matches[1]&cpage=$matches[2]"";s:24:""(.?.+?)(?:/([0-9]+))?/?$"";s:47:""index.php?pagename=$matches[1]&page=$matches[2]"";s:27:""[^/]+/attachment/([^/]+)/?$"";s:32:""index.php?attachment=$matches[1]"";s:37:""[^/]+/attachment/([^/]+)/trackback/?$"";s:37:""index.php?attachment=$matches[1]&tb=1"";s:57:""[^/]+/attachment/([^/]+)/feed/(feed|rdf|rss|rss2|atom)/?$"";s:49:""index.php?attachment=$matches[1]&feed=$matches[2]"";s:52:""[^/]+/attachment/([^/]+)/(feed|rdf|rss|rss2|atom)/?$"";s:49:""index.php?attachment=$matches[1]&feed=$matches[2]"";s:52:""[^/]+/attachment/([^/]+)/comment-page-([0-9]{1,})/?$"";s:50:""index.php?attachment=$matches[1]&cpage=$matches[2]"";s:33:""[^/]+/attachment/([^/]+)/embed/?$"";s:43:""index.php?attachment=$matches[1]&embed=true"";s:16:""([^/]+)/embed/?$"";s:37:""index.php?name=$matches[1]&embed=true"";s:20:""([^/]+)/trackback/?$"";s:31:""index.php?name=$matches[1]&tb=1"";s:40:""([^/]+)/feed/(feed|rdf|rss|rss2|atom)/?$"";s:43:""index.php?name=$matches[1]&feed=$matches[2]"";s:35:""([^/]+)/(feed|rdf|rss|rss2|atom)/?$"";s:43:""index.php?name=$matches[1]&feed=$matches[2]"";s:28:""([^/]+)/page/?([0-9]{1,})/?$"";s:44:""index.php?name=$matches[1]&paged=$matches[2]"";s:35:""([^/]+)/comment-page-([0-9]{1,})/?$"";s:44:""index.php?name=$matches[1]&cpage=$matches[2]"";s:24:""([^/]+)(?:/([0-9]+))?/?$"";s:43:""index.php?name=$matches[1]&page=$matches[2]"";s:16:""[^/]+/([^/]+)/?$"";s:32:""index.php?attachment=$matches[1]"";s:26:""[^/]+/([^/]+)/trackback/?$"";s:37:""index.php?attachment=$matches[1]&tb=1"";s:46:""[^/]+/([^/]+)/feed/(feed|rdf|rss|rss2|atom)/?$"";s:49:""index.php?attachment=$matches[1]&feed=$matches[2]"";s:41:""[^/]+/([^/]+)/(feed|rdf|rss|rss2|atom)/?$"";s:49:""index.php?attachment=$matches[1]&feed=$matches[2]"";s:41:""[^/]+/([^/]+)/comment-page-([0-9]{1,})/?$"";s:50:""index.php?attachment=$matches[1]&cpage=$matches[2]"";s:22:""[^/]+/([^/]+)/embed/?$"";s:43:""index.php?attachment=$matches[1]&embed=true"";}"
1797,no,_transient_timeout_wpseo_link_table_inaccessible,1611119858
1798,no,_transient_wpseo_link_table_inaccessible,0
152,no,_transient_timeout_wpseo_meta_table_inaccessible,1611033588
153,no,_transient_wpseo_meta_table_inaccessible,0
163,yes,theme_mods_twentyseventeen,"a:2:{s:18:""custom_css_post_id"";i:-1;s:16:""sidebars_widgets"";a:2:{s:4:""time"";i:1579501029;s:4:""data"";a:4:{s:19:""wp_inactive_widgets"";a:0:{}s:9:""sidebar-1"";a:6:{i:0;s:8:""search-2"";i:1;s:14:""recent-posts-2"";i:2;s:17:""recent-comments-2"";i:3;s:10:""archives-2"";i:4;s:12:""categories-2"";i:5;s:6:""meta-2"";}s:9:""sidebar-2"";a:0:{}s:9:""sidebar-3"";a:0:{}}}}"
167,yes,current_theme,GeneratePress
168,yes,theme_mods_generatepress,"a:5:{i:0;b:0;s:18:""nav_menu_locations"";a:1:{s:7:""primary"";i:2;}s:18:""font_body_category"";s:10:""sans-serif"";s:18:""font_body_variants"";s:70:""300,300italic,regular,italic,600,600italic,700,700italic,800,800italic"";s:18:""custom_css_post_id"";i:13;}"
169,yes,theme_switched,<blank>
170,yes,generate_settings,"a:42:{s:10:""hide_title"";b:1;s:12:""hide_tagline"";b:1;s:4:""logo"";s:0:"""";s:25:""inline_logo_site_branding"";b:0;s:11:""retina_logo"";s:0:"""";s:10:""logo_width"";s:0:"""";s:13:""top_bar_width"";s:4:""full"";s:19:""top_bar_inner_width"";s:9:""contained"";s:17:""top_bar_alignment"";s:5:""right"";s:15:""container_width"";s:4:""1100"";s:19:""container_alignment"";s:5:""boxes"";s:21:""header_layout_setting"";s:12:""fluid-header"";s:18:""header_inner_width"";s:9:""contained"";s:21:""nav_alignment_setting"";s:4:""left"";s:24:""header_alignment_setting"";s:4:""left"";s:18:""nav_layout_setting"";s:9:""fluid-nav"";s:15:""nav_inner_width"";s:9:""contained"";s:20:""nav_position_setting"";s:16:""nav-below-header"";s:14:""nav_drop_point"";s:0:"""";s:17:""nav_dropdown_type"";s:5:""hover"";s:22:""nav_dropdown_direction"";s:5:""right"";s:10:""nav_search"";s:7:""disable"";s:22:""content_layout_setting"";s:19:""separate-containers"";s:14:""layout_setting"";s:13:""right-sidebar"";s:19:""blog_layout_setting"";s:13:""right-sidebar"";s:21:""single_layout_setting"";s:13:""right-sidebar"";s:12:""post_content"";s:4:""full"";s:21:""footer_layout_setting"";s:12:""fluid-footer"";s:18:""footer_inner_width"";s:9:""contained"";s:21:""footer_widget_setting"";s:1:""3"";s:20:""footer_bar_alignment"";s:5:""right"";s:11:""back_to_top"";s:0:"""";s:16:""background_color"";s:7:""#000000"";s:10:""text_color"";s:7:""#3a3a3a"";s:10:""link_color"";s:7:""#bbf725"";s:16:""link_color_hover"";s:7:""#000000"";s:18:""link_color_visited"";s:0:"""";s:23:""font_awesome_essentials"";b:0;s:5:""icons"";s:4:""font"";s:11:""combine_css"";b:0;s:17:""dynamic_css_cache"";b:0;s:9:""font_body"";s:9:""Open Sans"";}"
171,yes,generate_migration_settings,"a:5:{s:11:""combine_css"";s:4:""done"";s:31:""font_awesome_essentials_updated"";s:4:""true"";s:22:""skip_dynamic_css_cache"";s:4:""true"";s:20:""default_font_updated"";s:4:""true"";s:25:""blog_post_content_preview"";s:4:""true"";}"
172,yes,generate_dynamic_css_output,"body{background-color:#efefef;color:#3a3a3a;}a, a:visited{color:#1e73be;}a:hover, a:focus, a:active{color:#000000;}body .grid-container{max-width:1100px;}body, button, input, select, textarea{font-family:-apple-system, system-ui, BlinkMacSystemFont, ""Segoe UI"", Helvetica, Arial, sans-serif, ""Apple Color Emoji"", ""Segoe UI Emoji"", ""Segoe UI Symbol"";}.entry-content > [class*=""wp-block-""]:not(:last-child){margin-bottom:1.5em;}.main-navigation .main-nav ul ul li a{font-size:14px;}@media (max-width:768px){.main-title{font-size:30px;}h1{font-size:30px;}h2{font-size:25px;}}.top-bar{background-color:#636363;color:#ffffff;}.top-bar a,.top-bar a:visited{color:#ffffff;}.top-bar a:hover{color:#303030;}.site-header{background-color:#ffffff;color:#3a3a3a;}.site-header a,.site-header a:visited{color:#3a3a3a;}.main-title a,.main-title a:hover,.main-title a:visited{color:#222222;}.site-description{color:#757575;}.main-navigation,.main-navigation ul ul{background-color:#222222;}.main-navigation .main-nav ul li a,.menu-toggle{color:#ffffff;}.main-navigation .main-nav ul li:hover > a,.main-navigation .main-nav ul li:focus > a, .main-navigation .main-nav ul li.sfHover > a{color:#ffffff;background-color:#3f3f3f;}button.menu-toggle:hover,button.menu-toggle:focus,.main-navigation .mobile-bar-items a,.main-navigation .mobile-bar-items a:hover,.main-navigation .mobile-bar-items a:focus{color:#ffffff;}.main-navigation .main-nav ul li[class*=""current-menu-""] > a{color:#ffffff;background-color:#3f3f3f;}.main-navigation .main-nav ul li[class*=""current-menu-""] > a:hover,.main-navigation .main-nav ul li[class*=""current-menu-""].sfHover > a{color:#ffffff;background-color:#3f3f3f;}.navigation-search input[type=""search""],.navigation-search input[type=""search""]:active{color:#3f3f3f;background-color:#3f3f3f;}.navigation-search input[type=""search""]:focus{color:#ffffff;background-color:#3f3f3f;}.main-navigation ul ul{background-color:#3f3f3f;}.main-navigation .main-nav ul ul li a{color:#ffffff;}.main-navigation .main-nav ul ul li:hover > a,.main-navigation .main-nav ul ul li:focus > a,.main-navigation .main-nav ul ul li.sfHover > a{color:#ffffff;background-color:#4f4f4f;}.main-navigation .main-nav ul ul li[class*=""current-menu-""] > a{color:#ffffff;background-color:#4f4f4f;}.main-navigation .main-nav ul ul li[class*=""current-menu-""] > a:hover,.main-navigation .main-nav ul ul li[class*=""current-menu-""].sfHover > a{color:#ffffff;background-color:#4f4f4f;}.separate-containers .inside-article, .separate-containers .comments-area, .separate-containers .page-header, .one-container .container, .separate-containers .paging-navigation, .inside-page-header{background-color:#ffffff;}.entry-meta{color:#595959;}.entry-meta a,.entry-meta a:visited{color:#595959;}.entry-meta a:hover{color:#1e73be;}.sidebar .widget{background-color:#ffffff;}.sidebar .widget .widget-title{color:#000000;}.footer-widgets{background-color:#ffffff;}.footer-widgets .widget-title{color:#000000;}.site-info{color:#ffffff;background-color:#222222;}.site-info a,.site-info a:visited{color:#ffffff;}.site-info a:hover{color:#606060;}.footer-bar .widget_nav_menu .current-menu-item a{color:#606060;}input[type=""text""],input[type=""email""],input[type=""url""],input[type=""password""],input[type=""search""],input[type=""tel""],input[type=""number""],textarea,select{color:#666666;background-color:#fafafa;border-color:#cccccc;}input[type=""text""]:focus,input[type=""email""]:focus,input[type=""url""]:focus,input[type=""password""]:focus,input[type=""search""]:focus,input[type=""tel""]:focus,input[type=""number""]:focus,textarea:focus,select:focus{color:#666666;background-color:#ffffff;border-color:#bfbfbf;}button,html input[type=""button""],input[type=""reset""],input[type=""submit""],a.button,a.button:visited,a.wp-block-button__link:not(.has-background){color:#ffffff;background-color:#666666;}button:hover,html input[type=""button""]:hover,input[type=""reset""]:hover,input[type=""submit""]:hover,a.button:hover,button:focus,html input[type=""button""]:focus,input[type=""reset""]:focus,input[type=""submit""]:focus,a.button:focus,a.wp-block-button__link:not(.has-background):active,a.wp-block-button__link:not(.has-background):focus,a.wp-block-button__link:not(.has-background):hover{color:#ffffff;background-color:#3f3f3f;}.generate-back-to-top,.generate-back-to-top:visited{background-color:rgba( 0,0,0,0.4 );color:#ffffff;}.generate-back-to-top:hover,.generate-back-to-top:focus{background-color:rgba( 0,0,0,0.6 );color:#ffffff;}.entry-content .alignwide, body:not(.no-sidebar) .entry-content .alignfull{margin-left:-40px;width:calc(100% + 80px);max-width:calc(100% + 80px);}.rtl .menu-item-has-children .dropdown-menu-toggle{padding-left:20px;}.rtl .main-navigation .main-nav ul li.menu-item-has-children > a{padding-right:20px;}@media (max-width:768px){.separate-containers .inside-article, .separate-containers .comments-area, .separate-containers .page-header, .separate-containers .paging-navigation, .one-container .site-content, .inside-page-header{padding:30px;}.entry-content .alignwide, body:not(.no-sidebar) .entry-content .alignfull{margin-left:-30px;width:calc(100% + 60px);max-width:calc(100% + 60px);}}.one-container .sidebar .widget{padding:0px;}"
173,yes,generate_dynamic_css_cached_version,2.3.2
174,no,generate_db_version,2.3.2
175,yes,generate_update_core_typography,true
176,yes,widget_cool_tag_cloud,"a:1:{s:12:""_multiwidget"";i:1;}"
177,yes,widget_a2a_share_save_widget,"a:1:{s:12:""_multiwidget"";i:1;}"
178,yes,widget_a2a_follow_widget,"a:1:{s:12:""_multiwidget"";i:1;}"
179,yes,addtoany_options,"a:33:{s:8:""position"";s:6:""bottom"";s:30:""display_in_posts_on_front_page"";s:1:""1"";s:33:""display_in_posts_on_archive_pages"";s:1:""1"";s:19:""display_in_excerpts"";s:1:""1"";s:16:""display_in_posts"";s:1:""1"";s:16:""display_in_pages"";s:1:""1"";s:22:""display_in_attachments"";s:2:""-1"";s:15:""display_in_feed"";s:2:""-1"";s:7:""onclick"";s:2:""-1"";s:9:""icon_size"";s:2:""32"";s:7:""icon_bg"";s:8:""original"";s:13:""icon_bg_color"";s:7:""#2a2a2a"";s:7:""icon_fg"";s:8:""original"";s:13:""icon_fg_color"";s:7:""#ffffff"";s:6:""button"";s:10:""A2A_SVG_32"";s:13:""button_custom"";s:0:"""";s:17:""button_show_count"";s:2:""-1"";s:6:""header"";s:0:"""";s:23:""additional_js_variables"";s:0:"""";s:14:""additional_css"";s:0:"""";s:12:""custom_icons"";s:2:""-1"";s:16:""custom_icons_url"";s:1:""/"";s:17:""custom_icons_type"";s:3:""png"";s:18:""custom_icons_width"";s:0:"""";s:19:""custom_icons_height"";s:0:"""";s:5:""cache"";s:2:""-1"";s:11:""button_text"";s:5:""Share"";s:24:""special_facebook_options"";a:1:{s:10:""show_count"";s:2:""-1"";}s:15:""active_services"";a:3:{i:0;s:8:""facebook"";i:1;s:7:""twitter"";i:2;s:9:""pinterest"";}s:29:""special_facebook_like_options"";a:2:{s:10:""show_count"";s:2:""-1"";s:4:""verb"";s:4:""like"";}s:29:""special_twitter_tweet_options"";a:1:{s:10:""show_count"";s:2:""-1"";}s:29:""special_pinterest_pin_options"";a:1:{s:10:""show_count"";s:2:""-1"";}s:25:""special_pinterest_options"";a:1:{s:10:""show_count"";s:2:""-1"";}}"
182,yes,nav_menu_options,"a:2:{i:0;b:0;s:8:""auto_add"";a:0:{}}"
183,yes,seed_fonts_is_enabled,"a:1:{i:0;s:2:""on"";}"
184,yes,seed_fonts_is_google_fonts,"a:1:{i:0;s:2:""on"";}"
185,yes,seed_fonts_google_font_name,Open Sans
186,yes,seed_fonts_font,ibm-plex-thai
187,yes,seed_fonts_weight,<blank>
188,yes,seed_fonts_selectors,"h1, h2, h3, h4, h5, h6, nav, .nav, .menu, button, .button, .btn, .price, ._heading, .wp-block-pullquote blockquote, blockquote, label, legend"
189,yes,seed_fonts_is_important,"a:1:{i:0;s:2:""on"";}"
190,yes,seed_fonts_css-generated,"h1, h2, h3, h4, h5, h6, nav, .nav, .menu, button, .button, .btn, .price, ._heading, .wp-block-pullquote blockquote, blockquote, label, legend {\r\n  font-family: ""Open Sans"", san-serif !important;\r\n}"
191,yes,seed_fonts_body_is_enabled,"a:1:{i:0;s:2:""on"";}"
192,yes,seed_fonts_body_is_google_fonts,"a:1:{i:0;s:2:""on"";}"
193,yes,seed_fonts_body_google_font_name,Open Sans
194,yes,seed_fonts_body_font,ibm-plex-thai
195,yes,seed_fonts_body_weight,<blank>
196,yes,seed_fonts_body_size,16
197,yes,seed_fonts_body_size_unit,px
198,yes,seed_fonts_body_lineheight,1.6
199,yes,seed_fonts_body_selectors,body
200,yes,seed_fonts_body_is_important,"a:1:{i:0;s:2:""on"";}"
201,yes,seed_fonts_body-css-generated,"body {\r\n  font-family: ""Open Sans"", san-serif !important;\r\n  font-size: 16px !important;\r\n  line-height: 1.6 !important;\r\n}"

